usubjid,cooks_distance
SUBJ-0264,0.03289181285366352
SUBJ-0403,0.031171425403810453
SUBJ-0451,0.02651206539012472
SUBJ-0288,0.026052497960349107
SUBJ-0319,0.024656619395554847
SUBJ-0364,0.02156891095837464
SUBJ-0328,0.021546540275754995
SUBJ-0247,0.021043523538477257
SUBJ-0488,0.019245515473362295
SUBJ-0128,0.018327994256523
