usubjid,cooks_distance
SUBJ-0264,0.03518988264191378
SUBJ-0288,0.02946313142483306
SUBJ-0276,0.028252566890484204
SUBJ-0403,0.027448620266622703
SUBJ-0364,0.023401870560037067
SUBJ-0328,0.020775843686123042
SUBJ-0488,0.020540845858001883
SUBJ-0451,0.019539635683569624
SUBJ-0128,0.01953692355043558
SUBJ-0319,0.018153209338976278
