dosegrp,n,ae_any_n,ae_any_pct,dlt_n,dlt_pct
Placebo,246,61,24.796747967479675,1,0.40650406504065045
Low,85,29,34.11764705882353,1,1.1764705882352942
Medium,89,24,26.96629213483146,1,1.1235955056179776
High,80,22,27.500000000000004,1,1.25
