term,VIF
trt,1.0017156394817106
age,1.004349365543745
sex,1.0082103011983157
baseline_severity,1.011334132792391
