term,chisq,df,p
trt,0.1867924073817322,1,0.6655997860772006
age,0.7069565126371802,1,0.40045603120433
sex,1.8057278138298973,1,0.17902156970868516
baseline_severity,0.01065410588033538,1,0.9177893762351623
GLOBAL,2.579292523990348,4,0.6304957103900857
