dosegrp,N,AUC_Mean,AUC_SD,AUC_Median,AUC_IQR,Cmax_Mean,Cmax_SD,Cmax_Median,Cmax_IQR
Placebo,246,0,0,0,0,0,0,0,0
Low,85,0.8897699041344741,0.1955195320036542,0.8762073676392559,0.2755899048652408,0.12662697627290023,0.02645942070687952,0.12443167194319608,0.027374017251886
Medium,89,1.729094518284421,0.3997239785386375,1.6592313382140194,0.5912757010685101,0.25369396501729746,0.06321777533161137,0.244629818380828,0.10428926498026239
High,80,3.6233660247142905,0.696479870705613,3.5654700319655195,1.0419138341366665,0.5065047392047416,0.1053182064233447,0.5007646126586641,0.1377825180973548
