dosegrp,N,Age_Mean,Age_SD,BMI_Mean,BMI_SD,BaselineSeverity_Mean,BaselineSeverity_SD,Female_N,Female_Pct
Placebo,246,56.6910569105691,13.233926766228187,28.79959349593496,5.518321971858871,49.72276422764228,9.914189484984867,128,52.03252032520326
Low,85,57.44705882352941,12.815082150817954,29.47058823529412,6.112629851175269,50.014117647058825,9.0395184361459755,44,51.76470588235295
Medium,89,57.48314606741573,10.201506528171755,29.324719101123595,5.34526725454134,50.49325842696629,9.70331243527423,41,46.06741573033708
High,80,58.3,11.851827824635748,28.728749999999998,6.291609718355174,49.18875,11.840875285706101,48,60
